TEF,1,Scyther
TEF,2,Pineco
TEF,3,Seedot
TEF,4,Nuzleaf
TEF,5,Shiftry
TEF,6,Shroomish
TEF,7,Breloom
TEF,8,Roselia
TEF,9,Roserade
TEF,10,Turtwig
TEF,11,Grotle
TEF,12,Torterra ex
TEF,13,Shaymin
TEF,14,Cottonee
TEF,15,Whimsicott
TEF,16,Deerling
TEF,17,Sawsbuck
TEF,18,Grubbin
TEF,19,Dhelmise
TEF,20,Bramblin
TEF,21,Brambleghast
TEF,22,Scovillain ex
TEF,23,Rellor
TEF,24,Rabsca
TEF,25,Iron Leaves ex
TEF,26,Ponyta
TEF,27,Rapidash
TEF,28,Slugma
TEF,29,Magcargo
TEF,30,Victini
TEF,31,Heatmor
TEF,32,Litten
TEF,33,Torracat
TEF,34,Incineroar ex
TEF,35,Turtonator
TEF,36,Sizzlipede
TEF,37,Centiskorch
TEF,38,Gouging Fire ex
TEF,39,Totodile
TEF,40,Croconaw
TEF,41,Feraligatr
TEF,42,Carvanha
TEF,43,Sharpedo
TEF,44,Keldeo
TEF,45,Snom
TEF,46,Frosmoth
TEF,47,Wiglett
TEF,48,Finizen
TEF,49,Palafin
TEF,50,Walking Wake ex
TEF,51,Pikachu
TEF,52,Raichu
TEF,53,Electabuzz
TEF,54,Electivire
TEF,55,Charjabug
TEF,56,Vikavolt
TEF,57,Zeraora
TEF,58,Yamper
TEF,59,Boltund
TEF,60,Wugtrio ex
TEF,61,Iron Hands
TEF,62,Iron Thorns
TEF,63,Mr. Mime
TEF,64,Marill
TEF,65,Azumarill
TEF,66,Girafarig
TEF,67,Latias
TEF,68,Bronzor
TEF,69,Bronzong
TEF,70,Solosis
TEF,71,Duosion
TEF,72,Reuniclus
TEF,73,Elgyem
TEF,74,Beheeyem
TEF,75,Cutiefly
TEF,76,Ribombee
TEF,77,Scream Tail
TEF,78,Flutter Mane
TEF,79,Iron Valiant
TEF,80,Iron Valiant
TEF,81,Iron Crown ex
TEF,82,Meditite
TEF,83,Medicham
TEF,84,Relicanth
TEF,85,Drilbur
TEF,86,Excadrill
TEF,87,Golett
TEF,88,Golurk
TEF,89,Rockruff
TEF,90,Lycanroc
TEF,91,Mudbray
TEF,92,Mudsdale
TEF,93,Rolycoly
TEF,94,Carkol
TEF,95,Coalossal
TEF,96,Great Tusk
TEF,97,Great Tusk
TEF,98,Sandy Shocks
TEF,99,Iron Boulder ex
TEF,100,Ekans
TEF,101,Arbok
TEF,102,Gastly
TEF,103,Haunter
TEF,104,Gengar ex
TEF,105,Poochyena
TEF,106,Mightyena
TEF,107,Sableye
TEF,108,Farigiraf ex
TEF,109,Roaring Moon
TEF,110,Forretress
TEF,111,Scizor ex
TEF,112,Mawile
TEF,113,Beldum
TEF,114,Metang
TEF,115,Metagross
TEF,116,Meltan
TEF,117,Melmetal
TEF,118,Iron Treads
TEF,119,Koraidon
TEF,120,Koraidon ex
TEF,121,Miraidon
TEF,122,Miraidon ex
TEF,123,Raging Bolt ex
TEF,124,Lickitung
TEF,125,Lickilicky
TEF,126,Hoothoot
TEF,127,Noctowl
TEF,128,Dunsparce
TEF,129,Dudunsparce
TEF,130,Skitty
TEF,131,Delcatty
TEF,132,Chatot
TEF,133,Pidove
TEF,134,Tranquill
TEF,135,Unfezant
TEF,136,Minccino
TEF,137,Cinccino
TEF,138,Drampa
TEF,139,Iron Jugulis
TEF,140,Ancient Booster Energy Capsule
TEF,141,Awakening Drum
TEF,142,Bianca's Devotion
TEF,143,Boxed Order
TEF,144,Buddy-Buddy Poffin
TEF,145,Ciphermaniac's Codebreaking
TEF,146,Eri
TEF,147,Explorer's Guidance
TEF,148,Full Metal Lab
TEF,149,Future Booster Energy Capsule
TEF,150,Hand Trimmer
TEF,151,Heavy Baton
TEF,152,Hero's Cape
TEF,153,Master Ball
TEF,154,Maximum Belt
TEF,155,Morty's Conviction
TEF,156,Perilous Jungle
TEF,157,Prime Catcher
TEF,158,Reboot Pod
TEF,159,Rescue Board
TEF,160,Salvatore
TEF,161,Mist Energy
TEF,162,Neo Upper Energy
TWM,1,Tangela
TWM,2,Tangrowth
TWM,3,Pinsir
TWM,4,Spinarak
TWM,5,Ariados
TWM,6,Sunkern
TWM,7,Sunflora
TWM,8,Heracross
TWM,9,Volbeat
TWM,10,Illumise
TWM,11,Leafeon
TWM,12,Phantump
TWM,13,Trevenant
TWM,14,Grookey
TWM,15,Thwackey
TWM,16,Rillaboom
TWM,17,Applin
TWM,18,Dipplin
TWM,19,Iron Leaves
TWM,20,Poltchageist
TWM,21,Poltchageist
TWM,22,Sinistcha
TWM,23,Sinistcha ex
TWM,24,Teal Mask Ogerpon
TWM,25,Teal Mask Ogerpon ex
TWM,26,Vulpix
TWM,27,Ninetales
TWM,28,Slugma
TWM,29,Magcargo ex
TWM,30,Torkoal
TWM,31,Chimchar
TWM,32,Monferno
TWM,33,Infernape
TWM,34,Darumaka
TWM,35,Darmanitan
TWM,36,Litwick
TWM,37,Lampent
TWM,38,Chandelure
TWM,39,Chi-Yu
TWM,40,Hearthflame Mask Ogerpon ex
TWM,41,Poliwag
TWM,42,Poliwhirl
TWM,43,Poliwrath
TWM,44,Goldeen
TWM,45,Seaking
TWM,46,Jynx
TWM,47,Corphish
TWM,48,Crawdaunt
TWM,49,Feebas
TWM,50,Milotic
TWM,51,Snorunt
TWM,52,Glalie
TWM,53,Froslass
TWM,54,Glaceon
TWM,55,Phione
TWM,56,Froakie
TWM,57,Frogadier
TWM,58,Cramorant
TWM,59,Finizen
TWM,60,Palafin
TWM,61,Palafin ex
TWM,62,Iron Bundle
TWM,63,Walking Wake
TWM,64,Wellspring Mask Ogerpon ex
TWM,65,Zapdos
TWM,66,Shinx
TWM,67,Luxio
TWM,68,Luxray ex
TWM,69,Emolga
TWM,70,Helioptile
TWM,71,Heliolisk
TWM,72,Morpeko
TWM,73,Tadbulb
TWM,74,Bellibolt
TWM,75,Wattrel
TWM,76,Kilowattrel
TWM,77,Iron Thorns ex
TWM,78,Clefairy
TWM,79,Clefable
TWM,80,Abra
TWM,81,Kadabra
TWM,82,Alakazam
TWM,83,Girafarig
TWM,84,Farigiraf
TWM,85,Chimecho
TWM,86,Flabébé
TWM,87,Floette
TWM,88,Florges
TWM,89,Swirlix
TWM,90,Slurpuff
TWM,91,Sandygast
TWM,92,Palossand
TWM,93,Enamorus
TWM,94,Scream Tail ex
TWM,95,Munkidori
TWM,96,Fezandipiti
TWM,97,Sandshrew
TWM,98,Sandslash
TWM,99,Hisuian Growlithe
TWM,100,Hisuian Arcanine
TWM,101,Nosepass
TWM,102,Probopass
TWM,103,Timburr
TWM,104,Gurdurr
TWM,105,Conkeldurr
TWM,106,Greninja ex
TWM,107,Hawlucha
TWM,108,Glimmet
TWM,109,Glimmora
TWM,110,Ting-Lu
TWM,111,Okidogi
TWM,112,Cornerstone Mask Ogerpon ex
TWM,113,Poochyena
TWM,114,Mightyena
TWM,115,Venipede
TWM,116,Whirlipede
TWM,117,Scolipede
TWM,118,Brute Bonnet
TWM,119,Skarmory
TWM,120,Aron
TWM,121,Lairon
TWM,122,Aggron
TWM,123,Heatran
TWM,124,Varoom
TWM,125,Revavroom
TWM,126,Applin
TWM,127,Dipplin
TWM,128,Dreepy
TWM,129,Drakloak
TWM,130,Dragapult ex
TWM,131,Tatsugiri
TWM,132,Farfetch'd
TWM,133,Chansey
TWM,134,Blissey ex
TWM,135,Eevee
TWM,136,Snorlax
TWM,137,Aipom
TWM,138,Ambipom
TWM,139,Ducklett
TWM,140,Swanna
TWM,141,Bloodmoon Ursaluna ex
TWM,142,Accompanying Flute
TWM,143,Bug Catching Set
TWM,144,Caretaker
TWM,145,Carmine
TWM,146,Community Center
TWM,147,Cook
TWM,148,Enhanced Hammer
TWM,149,Festival Grounds
TWM,150,Handheld Fan
TWM,151,Hassel
TWM,152,Hyper Aroma
TWM,153,Jamming Tower
TWM,154,Kieran
TWM,155,Lana's Aid
TWM,156,Love Ball
TWM,157,Lucian
TWM,158,Lucky Helmet
TWM,159,Ogre's Mask
TWM,160,Perrin
TWM,161,Raifort
TWM,162,Scoop Up Cyclone
TWM,163,Secret Box
TWM,164,Survival Brace
TWM,165,Unfair Stamp
TWM,166,Boomerang Energy
TWM,167,Legacy Energy
SFA,1,Joltik
SFA,2,Galvantula
SFA,3,Rowlet
SFA,4,Dartrix
SFA,5,Decidueye
SFA,6,Tapu Bulu
SFA,7,Houndour
SFA,8,Houndoom
SFA,9,Iron Moth
SFA,10,Horsea
SFA,11,Seadra
SFA,12,Kingdra ex
SFA,13,Sneasel
SFA,14,Weavile
SFA,15,Revavroom ex
SFA,16,Drowzee
SFA,17,Hypno
SFA,18,Duskull
SFA,19,Dusclops
SFA,20,Dusknoir
SFA,21,Cresselia
SFA,22,Sylveon
SFA,23,Croagunk
SFA,24,Toxicroak
SFA,25,Bloodmoon Ursaluna
SFA,26,Slither Wing
SFA,27,Zubat
SFA,28,Golbat
SFA,29,Crobat
SFA,30,Absol
SFA,31,Zorua
SFA,32,Zoroark
SFA,33,Inkay
SFA,34,Malamar
SFA,35,Yveltal
SFA,36,Okidogi ex
SFA,37,Munkidori ex
SFA,38,Fezandipiti ex
SFA,39,Pecharunt ex
SFA,40,Genesect
SFA,41,Cufant
SFA,42,Copperajah
SFA,43,Varoom
SFA,44,Axew
SFA,45,Fraxure
SFA,46,Haxorus
SFA,47,Kyurem
SFA,48,Meowth
SFA,49,Persian
SFA,50,Eevee
SFA,51,Furfrou
SFA,52,Stufful
SFA,53,Bewear
SFA,54,Academy at Night
SFA,55,Binding Mochi
SFA,56,Cassiopeia
SFA,57,Colress's Tenacity
SFA,58,Dangerous Laser
SFA,59,Janine's Secret Art
SFA,60,Neutralization Zone
SFA,61,Night Stretcher
SFA,62,Poké Vital A
SFA,63,Powerglass
SFA,64,Xerosic's Machinations
SCR,1,Venusaur ex
SCR,2,Ledyba
SCR,3,Ledian
SCR,4,Celebi
SCR,5,Lileep
SCR,6,Cradily
SCR,7,Carnivine
SCR,8,Mow Rotom
SCR,9,Grubbin
SCR,10,Gossifleur
SCR,11,Eldegoss
SCR,12,Applin
SCR,13,Dipplin
SCR,14,Hydrapple ex
SCR,15,Nymble
SCR,16,Lokix
SCR,17,Toedscool
SCR,18,Toedscruel
SCR,19,Ponyta
SCR,20,Rapidash
SCR,21,Pansear
SCR,22,Reshiram
SCR,23,Salandit
SCR,24,Salazzle
SCR,25,Turtonator
SCR,26,Scorbunny
SCR,27,Raboot
SCR,28,Cinderace ex
SCR,29,Charcadet
SCR,30,Blastoise ex
SCR,31,Lapras
SCR,32,Lapras ex
SCR,33,Marill
SCR,34,Azumarill
SCR,35,Finneon
SCR,36,Lumineon
SCR,37,Tirtouga
SCR,38,Carracosta
SCR,39,Froakie
SCR,40,Frogadier
SCR,41,Greninja ex
SCR,42,Crabominable
SCR,43,Chewtle
SCR,44,Drednaw
SCR,45,Veluza
SCR,46,Electabuzz
SCR,47,Electivire
SCR,48,Chinchou
SCR,49,Lanturn
SCR,50,Joltik
SCR,51,Galvantula ex
SCR,52,Charjabug
SCR,53,Vikavolt
SCR,54,Togedemaru
SCR,55,Zeraora
SCR,56,Pawmi
SCR,57,Slowpoke
SCR,58,Slowking
SCR,59,Mewtwo
SCR,60,Drifloon
SCR,61,Drifblim
SCR,62,Yamask
SCR,63,Comfey
SCR,64,Milcery
SCR,65,Alcremie
SCR,66,Fidough
SCR,67,Dachsbun ex
SCR,68,Flittle
SCR,69,Espathra
SCR,70,Greavard
SCR,71,Iron Boulder
SCR,72,Cubone
SCR,73,Marowak
SCR,74,Rhyhorn
SCR,75,Rhydon
SCR,76,Rhyperior
SCR,77,Meditite
SCR,78,Meditite
SCR,79,Medicham
SCR,80,Medicham ex
SCR,81,Riolu
SCR,82,Lucario ex
SCR,83,Mienfoo
SCR,84,Mienshao
SCR,85,Pancham
SCR,86,Diancie
SCR,87,Crabrawler
SCR,88,Falinks
SCR,89,Garganacl ex
SCR,90,Koraidon
SCR,91,Gulpin
SCR,92,Swalot
SCR,93,Pangoro
SCR,94,Impidimp
SCR,95,Morgrem
SCR,96,Grimmsnarl
SCR,97,Bombirdier
SCR,98,Jirachi
SCR,99,Klink
SCR,100,Klang
SCR,101,Klinklang
SCR,102,Meltan
SCR,103,Meltan
SCR,104,Melmetal
SCR,105,Melmetal ex
SCR,106,Duraludon
SCR,107,Archaludon
SCR,108,Varoom
SCR,109,Revavroom
SCR,110,Orthworm ex
SCR,111,Raging Bolt
SCR,112,Tauros
SCR,113,Eevee
SCR,114,Hoothoot
SCR,115,Noctowl
SCR,116,Glameow
SCR,117,Purugly
SCR,118,Fan Rotom
SCR,119,Bouffalant
SCR,120,Tornadus
SCR,121,Fletchling
SCR,122,Fletchinder
SCR,123,Talonflame
SCR,124,Wooloo
SCR,125,Dubwool
SCR,126,Lechonk
SCR,127,Cyclizar
SCR,128,Terapagos ex
SCR,129,Antique Cover Fossil
SCR,130,Antique Root Fossil
SCR,131,Area Zero Underdepths
SCR,132,Briar
SCR,133,Crispin
SCR,134,Deluxe Bomb
SCR,135,Glass Trumpet
SCR,136,Grand Tree
SCR,137,Gravity Gemstone
SCR,138,Kofu
SCR,139,Lacey
SCR,140,Occa Berry
SCR,141,Payapa Berry
SCR,142,Sparkling Crystal
SSP,1,Exeggcute
SSP,2,Exeggcute
SSP,3,Exeggutor
SSP,4,Durant ex
SSP,5,Scatterbug
SSP,6,Spewpa
SSP,7,Vivillon
SSP,8,Morelull
SSP,9,Shiinotic
SSP,10,Dhelmise
SSP,11,Zarude
SSP,12,Capsakid
SSP,13,Rellor
SSP,14,Rabsca
SSP,15,Wo-Chien
SSP,16,Vulpix
SSP,17,Ninetales
SSP,18,Paldean Tauros
SSP,19,Ho-Oh
SSP,20,Castform Sunny Form
SSP,21,Victini
SSP,22,Pansear
SSP,23,Simisear
SSP,24,Larvesta
SSP,25,Volcarona
SSP,26,Oricorio
SSP,27,Sizzlipede
SSP,28,Centiskorch
SSP,29,Fuecoco
SSP,30,Crocalor
SSP,31,Skeledirge
SSP,32,Charcadet
SSP,33,Charcadet
SSP,34,Armarouge
SSP,35,Ceruledge
SSP,36,Ceruledge ex
SSP,37,Scovillain ex
SSP,38,Gouging Fire
SSP,39,Paldean Tauros
SSP,40,Mantine
SSP,41,Feebas
SSP,42,Milotic ex
SSP,43,Spheal
SSP,44,Sealeo
SSP,45,Walrein
SSP,46,Shellos
SSP,47,Cryogonal
SSP,48,Black Kyurem ex
SSP,49,Bruxish
SSP,50,Quaxly
SSP,51,Quaxwell
SSP,52,Quaquaval
SSP,53,Cetoddle
SSP,54,Cetitan
SSP,55,Iron Bundle
SSP,56,Chien-Pao
SSP,57,Pikachu ex
SSP,58,Magnemite
SSP,59,Magneton
SSP,60,Magnezone
SSP,61,Rotom
SSP,62,Blitzle
SSP,63,Zebstrika
SSP,64,Stunfisk
SSP,65,Tapu Koko
SSP,66,Wattrel
SSP,67,Kilowattrel
SSP,68,Kilowattrel ex
SSP,69,Miraidon
SSP,70,Togepi
SSP,71,Togetic
SSP,72,Togekiss
SSP,73,Marill
SSP,74,Azumarill
SSP,75,Smoochum
SSP,76,Latias ex
SSP,77,Latios
SSP,78,Uxie
SSP,79,Mesprit
SSP,80,Azelf
SSP,81,Sigilyph
SSP,82,Yamask
SSP,83,Cofagrigus
SSP,84,Espurr
SSP,85,Meowstic
SSP,86,Sylveon ex
SSP,87,Dedenne
SSP,88,Xerneas
SSP,89,Oricorio
SSP,90,Sandygast
SSP,91,Palossand ex
SSP,92,Tapu Lele
SSP,93,Indeedee
SSP,94,Flittle
SSP,95,Espathra
SSP,96,Flutter Mane
SSP,97,Gimmighoul
SSP,98,Mankey
SSP,99,Primeape
SSP,100,Annihilape
SSP,101,Paldean Tauros
SSP,102,Phanpy
SSP,103,Donphan
SSP,104,Trapinch
SSP,105,Vibrava
SSP,106,Flygon ex
SSP,107,Gastrodon
SSP,108,Drilbur
SSP,109,Excadrill
SSP,110,Landorus
SSP,111,Passimian
SSP,112,Clobbopus
SSP,113,Grapploct
SSP,114,Glimmet
SSP,115,Glimmora
SSP,116,Koraidon
SSP,117,Deino
SSP,118,Zweilous
SSP,119,Hydreigon ex
SSP,120,Shroodle
SSP,121,Grafaiai
SSP,122,Alolan Diglett
SSP,123,Alolan Dugtrio
SSP,124,Skarmory
SSP,125,Registeel
SSP,126,Bronzor
SSP,127,Bronzong
SSP,128,Klefki
SSP,129,Duraludon
SSP,130,Archaludon ex
SSP,131,Gholdengo
SSP,132,Iron Crown
SSP,133,Alolan Exeggutor ex
SSP,134,Altaria
SSP,135,Dialga
SSP,136,Palkia
SSP,137,Turtonator
SSP,138,Applin
SSP,139,Flapple
SSP,140,Appletun
SSP,141,Eternatus
SSP,142,Tatsugiri ex
SSP,143,Eevee
SSP,144,Snorlax
SSP,145,Slakoth
SSP,146,Vigoroth
SSP,147,Slaking ex
SSP,148,Swablu
SSP,149,Zangoose
SSP,150,Kecleon
SSP,151,Bouffalant
SSP,152,Rufflet
SSP,153,Braviary
SSP,154,Helioptile
SSP,155,Heliolisk
SSP,156,Oranguru
SSP,157,Tandemaus
SSP,158,Maushold
SSP,159,Cyclizar ex
SSP,160,Flamigo ex
SSP,161,Terapagos
SSP,162,Amulet of Hope
SSP,163,Babiri Berry
SSP,164,Brilliant Blender
SSP,165,Call Bell
SSP,166,Chill Teaser Toy
SSP,167,Clemont's Quick Wit
SSP,168,Colbur Berry
SSP,169,Counter Gain
SSP,170,Cyrano
SSP,171,Deduction Kit
SSP,172,Dragon Elixir
SSP,173,Drasna
SSP,174,Drayton
SSP,175,Dusk Ball
SSP,176,Energy Search Pro
SSP,177,Gravity Mountain
SSP,178,Jasmine's Gaze
SSP,179,Lisia's Appeal
SSP,180,Lively Stadium
SSP,181,Meddling Memo
SSP,182,Megaton Blower
SSP,183,Miracle Headset
SSP,184,Passho Berry
SSP,185,Precious Trolley
SSP,186,Scramble Switch
SSP,187,Surfer
SSP,188,Technical Machine: Fluorite
SSP,189,Tera Orb
SSP,190,Tyme
SSP,191,Enriching Energy
PRE,1,Exeggcute
PRE,2,Exeggutor
PRE,3,Pinsir
PRE,4,Budew
PRE,5,Leafeon
PRE,6,Leafeon ex
PRE,7,Cottonee
PRE,8,Whimsicott
PRE,9,Applin
PRE,10,Dipplin
PRE,11,Hydrapple ex
PRE,12,Teal Mask Ogerpon ex
PRE,13,Flareon
PRE,14,Flareon ex
PRE,15,Litleo
PRE,16,Pyroar
PRE,17,Hearthflame Mask Ogerpon ex
PRE,18,Slowpoke
PRE,19,Slowking
PRE,20,Goldeen
PRE,21,Seaking
PRE,22,Vaporeon
PRE,23,Vaporeon ex
PRE,24,Suicune
PRE,25,Glaceon
PRE,26,Glaceon ex
PRE,27,Wellspring Mask Ogerpon ex
PRE,28,Pikachu ex
PRE,29,Jolteon
PRE,30,Jolteon ex
PRE,31,Iron Hands ex
PRE,32,Iron Thorns ex
PRE,33,Espeon
PRE,34,Espeon ex
PRE,35,Duskull
PRE,36,Dusclops
PRE,37,Dusknoir
PRE,38,Spritzee
PRE,39,Aromatisse
PRE,40,Sylveon
PRE,41,Sylveon ex
PRE,42,Scream Tail
PRE,43,Flutter Mane
PRE,44,Munkidori
PRE,45,Fezandipiti
PRE,46,Iron Boulder
PRE,47,Larvitar
PRE,48,Pupitar
PRE,49,Groudon
PRE,50,Riolu
PRE,51,Lucario ex
PRE,52,Hippopotas
PRE,53,Hippowdon
PRE,54,Bloodmoon Ursaluna
PRE,55,Great Tusk
PRE,56,Sandy Shocks ex
PRE,57,Okidogi
PRE,58,Cornerstone Mask Ogerpon ex
PRE,59,Umbreon
PRE,60,Umbreon ex
PRE,61,Sneasel
PRE,62,Houndour
PRE,63,Houndoom
PRE,64,Tyranitar ex
PRE,65,Roaring Moon
PRE,66,Bronzor
PRE,67,Bronzong
PRE,68,Heatran
PRE,69,Duraludon
PRE,70,Archaludon
PRE,71,Dreepy
PRE,72,Drakloak
PRE,73,Dragapult ex
PRE,74,Eevee
PRE,75,Eevee ex
PRE,76,Snorlax ex
PRE,77,Hoothoot
PRE,78,Noctowl
PRE,79,Dunsparce
PRE,80,Dudunsparce
PRE,81,Miltank
PRE,82,Lugia ex
PRE,83,Buneary
PRE,84,Lopunny
PRE,85,Fan Rotom
PRE,86,Regigigas
PRE,87,Shaymin
PRE,88,Furfrou
PRE,89,Hawlucha
PRE,90,Noibat
PRE,91,Noivern ex
PRE,92,Terapagos ex
PRE,93,Amarys
PRE,94,Area Zero Underdepths
PRE,95,Binding Mochi
PRE,96,Black Belt's Training
PRE,97,Black Belt's Training
PRE,98,Black Belt's Training
PRE,99,Black Belt's Training
PRE,100,Briar
PRE,101,Buddy-Buddy Poffin
PRE,102,Bug Catching Set
PRE,103,Carmine
PRE,104,Ciphermaniac's Codebreaking
PRE,105,Crispin
PRE,106,Earthen Vessel
PRE,107,Explorer's Guidance
PRE,108,Festival Grounds
PRE,109,Friends in Paldea
PRE,110,Glass Trumpet
PRE,111,Haban Berry
PRE,112,Janine's Secret Art
PRE,113,Kieran
PRE,114,Lacey
PRE,115,Larry's Skill
PRE,116,Max Rod
PRE,117,Maximum Belt
PRE,118,Ogre's Mask
PRE,119,Prime Catcher
PRE,120,Professor Sada's Vitality
PRE,121,Professor Turo's Scenario
PRE,122,Professor's Research
PRE,123,Professor's Research
PRE,124,Professor's Research
PRE,125,Professor's Research
PRE,126,Rescue Board
PRE,127,Roto-Stick
PRE,128,Scoop Up Cyclone
PRE,129,Sparkling Crystal
PRE,130,Techno Radar
PRE,131,Treasure Tracker
JTG,1,Caterpie
JTG,2,Metapod
JTG,3,Butterfree
JTG,4,Paras
JTG,5,Parasect
JTG,6,Petilil
JTG,7,Lilligant
JTG,8,Maractus
JTG,9,Karrablast
JTG,10,Foongus
JTG,11,Amoonguss ex
JTG,12,Shelmet
JTG,13,Accelgor
JTG,14,Durant
JTG,15,Virizion
JTG,16,Sprigatito
JTG,17,Floragato
JTG,18,Meowscarada
JTG,19,Nymble
JTG,20,Magmar
JTG,21,Magmortar
JTG,22,Torchic
JTG,23,Combusken
JTG,24,Blaziken ex
JTG,25,Torkoal
JTG,26,N's Darumaka
JTG,27,N's Darmanitan
JTG,28,Larvesta
JTG,29,Volcarona
JTG,30,Reshiram ex
JTG,31,Volcanion ex
JTG,32,Articuno
JTG,33,Remoraid
JTG,34,Octillery
JTG,35,Lotad
JTG,36,Lombre
JTG,37,Ludicolo
JTG,38,Wingull
JTG,39,Pelipper
JTG,40,Wailmer
JTG,41,Wailord
JTG,42,Regice
JTG,43,Veluza ex
JTG,44,Alolan Geodude
JTG,45,Alolan Graveler
JTG,46,Alolan Golem
JTG,47,Iono's Voltorb
JTG,48,Iono's Electrode
JTG,49,N's Joltik
JTG,50,Togedemaru
JTG,51,Tapu Koko ex
JTG,52,Iono's Tadbulb
JTG,53,Iono's Bellibolt ex
JTG,54,Iono's Wattrel
JTG,55,Iono's Kilowattrel
JTG,56,Lillie's Clefairy ex
JTG,57,Alolan Marowak
JTG,58,Mr. Mime
JTG,59,Shuppet
JTG,60,Banette
JTG,61,Beldum
JTG,62,Metang
JTG,63,Metagross
JTG,64,N's Sigilyph
JTG,65,Oricorio
JTG,66,Lillie's Cutiefly
JTG,67,Lillie's Ribombee
JTG,68,Lillie's Comfey
JTG,69,Mimikyu ex
JTG,70,Dhelmise
JTG,71,Impidimp
JTG,72,Morgrem
JTG,73,Grimmsnarl
JTG,74,Milcery
JTG,75,Alcremie ex
JTG,76,Cubone
JTG,77,Swinub
JTG,78,Piloswine
JTG,79,Mamoswine ex
JTG,80,Larvitar
JTG,81,Pupitar
JTG,82,Regirock
JTG,83,Pancham
JTG,84,Rockruff
JTG,85,Lycanroc
JTG,86,Hop's Silicobra
JTG,87,Hop's Sandaconda
JTG,88,Toedscool
JTG,89,Toedscruel
JTG,90,Klawf
JTG,91,Koffing
JTG,92,Weezing
JTG,93,Paldean Wooper
JTG,94,Paldean Clodsire ex
JTG,95,Tyranitar
JTG,96,N's Purrloin
JTG,97,N's Zorua
JTG,98,N's Zoroark ex
JTG,99,Pangoro
JTG,100,Lokix
JTG,101,Bombirdier
JTG,102,Escavalier
JTG,103,N's Klink
JTG,104,N's Klang
JTG,105,N's Klinklang
JTG,106,Galarian Stunfisk
JTG,107,Magearna
JTG,108,Hop's Corviknight
JTG,109,Cufant
JTG,110,Copperajah
JTG,111,Hop's Zacian ex
JTG,112,Bagon
JTG,113,Shelgon
JTG,114,Salamence ex
JTG,115,Druddigon
JTG,116,N's Reshiram
JTG,117,Hop's Snorlax
JTG,118,Sentret
JTG,119,Furret
JTG,120,Dunsparce
JTG,121,Dudunsparce ex
JTG,122,Kecleon
JTG,123,Tropius
JTG,124,Audino
JTG,125,Minccino
JTG,126,Cinccino
JTG,127,Noibat
JTG,128,Noivern
JTG,129,Komala
JTG,130,Drampa
JTG,131,Skwovet
JTG,132,Greedent
JTG,133,Hop's Rookidee
JTG,134,Hop's Corvisquire
JTG,135,Hop's Wooloo
JTG,136,Hop's Dubwool
JTG,137,Cramorant
JTG,138,Hop's Cramorant
JTG,139,Lechonk
JTG,140,Oinkologne
JTG,141,Squawkabilly
JTG,142,Billy & O'Nare
JTG,143,Black Belt's Training
JTG,144,Black Belt's Training
JTG,145,Black Belt's Training
JTG,146,Brock's Scouting
JTG,147,Hop's Bag
JTG,148,Hop's Choice Band
JTG,149,Iris's Fighting Spirit
JTG,150,Levincia
JTG,151,Lillie's Pearl
JTG,152,N's Castle
JTG,153,N's PP Up
JTG,154,Postwick
JTG,155,Professor's Research
JTG,156,Redeemable Ticket
JTG,157,Ruffian
JTG,158,Super Potion
JTG,159,Spiky Energy
DRI,1,Ethan's Pinsir
DRI,2,Yanma
DRI,3,Yanmega ex
DRI,4,Pineco
DRI,5,Shroomish
DRI,6,Breloom
DRI,7,Cynthia's Roselia
DRI,8,Cynthia's Roserade
DRI,9,Mow Rotom
DRI,10,Shaymin
DRI,11,Dwebble
DRI,12,Crustle
DRI,13,Fomantis
DRI,14,Lurantis
DRI,15,Team Rocket's Blipbug
DRI,16,Applin
DRI,17,Dipplin
DRI,18,Hydrapple
DRI,19,Team Rocket's Tarountula
DRI,20,Team Rocket's Spidops
DRI,21,Smoliv
DRI,22,Dolliv
DRI,23,Arboliva ex
DRI,24,Rellor
DRI,25,Rabsca ex
DRI,26,Teal Mask Ogerpon
DRI,27,Growlithe
DRI,28,Arcanine
DRI,29,Ponyta
DRI,30,Rapidash
DRI,31,Team Rocket's Moltres ex
DRI,32,Ethan's Cyndaquil
DRI,33,Ethan's Quilava
DRI,34,Ethan's Typhlosion
DRI,35,Ethan's Slugma
DRI,36,Ethan's Magcargo
DRI,37,Team Rocket's Houndour
DRI,38,Team Rocket's Houndoom
DRI,39,Ethan's Ho-Oh ex
DRI,40,Torchic
DRI,41,Combusken
DRI,42,Blaziken
DRI,43,Heat Rotom
DRI,44,Hearthflame Mask Ogerpon
DRI,45,Misty's Psyduck
DRI,46,Misty's Staryu
DRI,47,Misty's Starmie
DRI,48,Misty's Magikarp
DRI,49,Misty's Gyarados
DRI,50,Misty's Lapras
DRI,51,Team Rocket's Articuno
DRI,52,Cynthia's Feebas
DRI,53,Cynthia's Milotic
DRI,54,Clamperl
DRI,55,Huntail
DRI,56,Gorebyss
DRI,57,Buizel
DRI,58,Floatzel
DRI,59,Snover
DRI,60,Abomasnow
DRI,61,Wash Rotom
DRI,62,Arrokuda
DRI,63,Barraskewda
DRI,64,Cetoddle
DRI,65,Cetitan ex
DRI,66,Dondozo ex
DRI,67,Wellspring Mask Ogerpon
DRI,68,Electabuzz
DRI,69,Electivire ex
DRI,70,Team Rocket's Zapdos
DRI,71,Ethan's Pichu
DRI,72,Team Rocket's Mareep
DRI,73,Team Rocket's Flaaffy
DRI,74,Team Rocket's Ampharos
DRI,75,Electrike
DRI,76,Manectric
DRI,77,Rotom
DRI,78,Zeraora
DRI,79,Team Rocket's Drowzee
DRI,80,Team Rocket's Hypno
DRI,81,Team Rocket's Mewtwo ex
DRI,82,Team Rocket's Wobbuffet
DRI,83,Steven's Baltoy
DRI,84,Steven's Claydol
DRI,85,Team Rocket's Chingling
DRI,86,Steven's Carbink
DRI,87,Team Rocket's Mimikyu
DRI,88,Team Rocket's Dottler
DRI,89,Team Rocket's Orbeetle
DRI,90,Mankey
DRI,91,Primeape
DRI,92,Annihilape
DRI,93,Ethan's Sudowoodo
DRI,94,Team Rocket's Larvitar
DRI,95,Team Rocket's Pupitar
DRI,96,Team Rocket's Tyranitar
DRI,97,Nosepass
DRI,98,Probopass
DRI,99,Meditite
DRI,100,Medicham
DRI,101,Regirock ex
DRI,102,Cynthia's Gible
DRI,103,Cynthia's Gabite
DRI,104,Cynthia's Garchomp ex
DRI,105,Hippopotas
DRI,106,Hippowdon
DRI,107,Mudbray
DRI,108,Mudsdale
DRI,109,Arven's Toedscool
DRI,110,Arven's Toedscruel
DRI,111,Cornerstone Mask Ogerpon
DRI,112,Team Rocket's Ekans
DRI,113,Team Rocket's Arbok
DRI,114,Team Rocket's Nidoran♀
DRI,115,Team Rocket's Nidorina
DRI,116,Team Rocket's Nidoqueen
DRI,117,Team Rocket's Nidoran♂
DRI,118,Team Rocket's Nidorino
DRI,119,Team Rocket's Nidoking ex
DRI,120,Team Rocket's Zubat
DRI,121,Team Rocket's Golbat
DRI,122,Team Rocket's Crobat ex
DRI,123,Team Rocket's Grimer
DRI,124,Team Rocket's Muk
DRI,125,Team Rocket's Koffing
DRI,126,Team Rocket's Weezing
DRI,127,Team Rocket's Murkrow
DRI,128,Team Rocket's Sneasel
DRI,129,Cynthia's Spiritomb
DRI,130,Marnie's Purrloin
DRI,131,Marnie's Liepard
DRI,132,Marnie's Scraggy
DRI,133,Marnie's Scrafty
DRI,134,Marnie's Impidimp
DRI,135,Marnie's Morgrem
DRI,136,Marnie's Grimmsnarl ex
DRI,137,Marnie's Morpeko
DRI,138,Arven's Maschiff
DRI,139,Arven's Mabosstiff ex
DRI,140,Forretress
DRI,141,Skarmory
DRI,142,Steven's Skarmory
DRI,143,Steven's Beldum
DRI,144,Steven's Metang
DRI,145,Steven's Metagross ex
DRI,146,Zamazenta
DRI,147,Team Rocket's Rattata
DRI,148,Team Rocket's Raticate
DRI,149,Team Rocket's Meowth
DRI,150,Team Rocket's Persian ex
DRI,151,Kangaskhan
DRI,152,Tauros
DRI,153,Team Rocket's Porygon
DRI,154,Team Rocket's Porygon2
DRI,155,Team Rocket's Porygon-Z
DRI,156,Taillow
DRI,157,Swellow
DRI,158,Arven's Skwovet
DRI,159,Arven's Greedent
DRI,160,Squawkabilly
DRI,161,Arven's Sandwich
DRI,162,Cynthia's Power Weight
DRI,163,Emcee's Hype
DRI,164,Energy Recycler
DRI,165,Ethan's Adventure
DRI,166,Granite Cave
DRI,167,Judge
DRI,168,Sacred Ash
DRI,169,Spikemuth Gym
DRI,170,Team Rocket's Archer
DRI,171,Team Rocket's Ariana
DRI,172,Team Rocket's Bother-Bot
DRI,173,Team Rocket's Factory
DRI,174,Team Rocket's Giovanni
DRI,175,Team Rocket's Great Ball
DRI,176,Team Rocket's Petrel
DRI,177,Team Rocket's Proton
DRI,178,Team Rocket's Transceiver
DRI,179,Team Rocket's Venture Bomb
DRI,180,Team Rocket's Watchtower
DRI,181,TM Machine
DRI,182,Team Rocket's Energy
BLK,1,Snivy
BLK,2,Servine
BLK,3,Serperior ex
BLK,4,Pansage
BLK,5,Simisage
BLK,6,Petilil
BLK,7,Lilligant
BLK,8,Maractus
BLK,9,Karrablast
BLK,10,Foongus
BLK,11,Amoonguss
BLK,12,Victini
BLK,13,Darumaka
BLK,14,Darmanitan
BLK,15,Larvesta
BLK,16,Volcarona
BLK,17,Panpour
BLK,18,Simipour
BLK,19,Tympole
BLK,20,Palpitoad
BLK,21,Seismitoad
BLK,22,Tirtouga
BLK,23,Carracosta
BLK,24,Alomomola
BLK,25,Cubchoo
BLK,26,Beartic
BLK,27,Cryogonal
BLK,28,Kyurem ex
BLK,29,Emolga
BLK,30,Tynamo
BLK,31,Eelektrik
BLK,32,Eelektross
BLK,33,Thundurus
BLK,34,Zekrom ex
BLK,35,Munna
BLK,36,Musharna
BLK,37,Solosis
BLK,38,Duosion
BLK,39,Reuniclus
BLK,40,Elgyem
BLK,41,Beheeyem
BLK,42,Golett
BLK,43,Golurk
BLK,44,Meloetta ex
BLK,45,Drilbur
BLK,46,Excadrill ex
BLK,47,Timburr
BLK,48,Gurdurr
BLK,49,Conkeldurr
BLK,50,Throh
BLK,51,Dwebble
BLK,52,Crustle
BLK,53,Landorus
BLK,54,Venipede
BLK,55,Whirlipede
BLK,56,Scolipede
BLK,57,Sandile
BLK,58,Krokorok
BLK,59,Krookodile
BLK,60,Escavalier
BLK,61,Klink
BLK,62,Klang
BLK,63,Klinklang
BLK,64,Pawniard
BLK,65,Bisharp
BLK,66,Cobalion
BLK,67,Genesect ex
BLK,68,Axew
BLK,69,Fraxure
BLK,70,Haxorus
BLK,71,Pidove
BLK,72,Tranquill
BLK,73,Unfezant
BLK,74,Audino
BLK,75,Minccino
BLK,76,Cinccino
BLK,77,Rufflet
BLK,78,Braviary
BLK,79,Air Balloon
BLK,80,Antique Cover Fossil
BLK,81,Energy Coin
BLK,82,Fennel
BLK,83,N's Plan
BLK,84,Pokégear 3.0
BLK,85,Professor's Research
BLK,86,Prism Energy
WHT,1,Sewaddle
WHT,2,Swadloon
WHT,3,Leavanny
WHT,4,Cottonee
WHT,5,Whimsicott ex
WHT,6,Deerling
WHT,7,Sawsbuck
WHT,8,Shelmet
WHT,9,Accelgor
WHT,10,Virizion
WHT,11,Tepig
WHT,12,Pignite
WHT,13,Emboar
WHT,14,Pansear
WHT,15,Simisear
WHT,16,Litwick
WHT,17,Lampent
WHT,18,Chandelure
WHT,19,Heatmor
WHT,20,Reshiram ex
WHT,21,Oshawott
WHT,22,Dewott
WHT,23,Samurott
WHT,24,Basculin
WHT,25,Ducklett
WHT,26,Swanna
WHT,27,Vanillite
WHT,28,Vanillish
WHT,29,Vanilluxe
WHT,30,Keldeo ex
WHT,31,Blitzle
WHT,32,Zebstrika
WHT,33,Joltik
WHT,34,Galvantula
WHT,35,Stunfisk
WHT,36,Woobat
WHT,37,Swoobat
WHT,38,Sigilyph
WHT,39,Yamask
WHT,40,Cofagrigus
WHT,41,Gothita
WHT,42,Gothorita
WHT,43,Gothitelle
WHT,44,Frillish
WHT,45,Jellicent ex
WHT,46,Roggenrola
WHT,47,Boldore
WHT,48,Gigalith
WHT,49,Sawk
WHT,50,Archen
WHT,51,Archeops
WHT,52,Mienfoo
WHT,53,Mienshao
WHT,54,Terrakion
WHT,55,Purrloin
WHT,56,Liepard
WHT,57,Scraggy
WHT,58,Scrafty
WHT,59,Trubbish
WHT,60,Garbodor
WHT,61,Zorua
WHT,62,Zoroark
WHT,63,Vullaby
WHT,64,Mandibuzz
WHT,65,Deino
WHT,66,Zweilous
WHT,67,Hydreigon ex
WHT,68,Ferroseed
WHT,69,Ferrothorn
WHT,70,Durant
WHT,71,Druddigon
WHT,72,Patrat
WHT,73,Watchog
WHT,74,Lillipup
WHT,75,Herdier
WHT,76,Stoutland
WHT,77,Bouffalant ex
WHT,78,Tornadus
WHT,79,Antique Plume Fossil
WHT,80,Brave Bangle
WHT,81,Cheren
WHT,82,Energy Retrieval
WHT,83,Harlequin
WHT,84,Hilda
WHT,85,Tool Scrapper
WHT,86,Ignition Energy
MEP,1,Meganium
MEP,2,Inteleon
MEP,3,Alakazam
MEP,4,Lunatone
MEP,5,Drifloon
MEP,6,Drifblim
MEP,7,Psyduck
MEP,8,Golduck
MEP,9,Alakazam
MEP,10,Riolu
MEP,11,Mega Latias ex
MEP,12,Mega Lucario ex
MEP,13,Mega Venusaur ex
MEP,14,Ceruledge
MEP,15,Zacian
MEP,16,Flygon
MEP,17,Toxtricity
MEP,18,Cottonee
MEP,19,Whimsicott
MEP,20,Sneasel
MEP,21,Weavile
MEP,22,Charcadet
MEP,23,Mega Charizard X ex
MEP,24,Oricorio ex
MEP,25,Mega Kangaskhan ex
MEP,26,Meloetta
MEP,27,Haunter
MEP,28,Celebratory Fanfare
MEP,29,Mega Charizard X ex
MEP,30,Mega Charizard Y ex
MEP,31,N's Zekrom
MEP,32,Mega Gardevoir ex
MEP,33,Mega Lucario ex
MEG,1,Bulbasaur
MEG,2,Ivysaur
MEG,3,Mega Venusaur ex
MEG,4,Exeggcute
MEG,5,Exeggutor
MEG,6,Tangela
MEG,7,Tangrowth
MEG,8,Chikorita
MEG,9,Bayleef
MEG,10,Meganium
MEG,11,Shuckle
MEG,12,Celebi
MEG,13,Seedot
MEG,14,Nuzleaf
MEG,15,Shiftry
MEG,16,Nincada
MEG,17,Ninjask
MEG,18,Dhelmise
MEG,19,Vulpix
MEG,20,Ninetales
MEG,21,Numel
MEG,22,Mega Camerupt ex
MEG,23,Litleo
MEG,24,Pyroar
MEG,25,Volcanion
MEG,26,Scorbunny
MEG,27,Raboot
MEG,28,Cinderace
MEG,29,Sizzlipede
MEG,30,Centiskorch
MEG,31,Chi-Yu
MEG,32,Mantine
MEG,33,Corphish
MEG,34,Kyogre
MEG,35,Snover
MEG,36,Mega Abomasnow ex
MEG,37,Clauncher
MEG,38,Clawitzer
MEG,39,Sobble
MEG,40,Drizzile
MEG,41,Inteleon
MEG,42,Snom
MEG,43,Frosmoth
MEG,44,Eiscue
MEG,45,Magnemite
MEG,46,Magneton
MEG,47,Magnezone
MEG,48,Raikou
MEG,49,Electrike
MEG,50,Mega Manectric ex
MEG,51,Pachirisu
MEG,52,Helioptile
MEG,53,Heliolisk
MEG,54,Abra
MEG,55,Kadabra
MEG,56,Alakazam
MEG,57,Jynx
MEG,58,Ralts
MEG,59,Kirlia
MEG,60,Mega Gardevoir ex
MEG,61,Shedinja
MEG,62,Spoink
MEG,63,Grumpig
MEG,64,Xerneas
MEG,65,Greavard
MEG,66,Houndstone
MEG,67,Gimmighoul
MEG,68,Sandshrew
MEG,69,Sandslash
MEG,70,Onix
MEG,71,Tyrogue
MEG,72,Makuhita
MEG,73,Hariyama
MEG,74,Lunatone
MEG,75,Solrock
MEG,76,Riolu
MEG,77,Mega Lucario ex
MEG,78,Croagunk
MEG,79,Toxicroak
MEG,80,Marshadow
MEG,81,Stonjourner
MEG,82,Nacli
MEG,83,Naclstack
MEG,84,Garganacl
MEG,85,Crawdaunt
MEG,86,Mega Absol ex
MEG,87,Spiritomb
MEG,88,Yveltal
MEG,89,Nickit
MEG,90,Thievul
MEG,91,Shroodle
MEG,92,Grafaiai
MEG,93,Steelix
MEG,94,Mega Mawile ex
MEG,95,Dialga
MEG,96,Tinkatink
MEG,97,Tinkatuff
MEG,98,Tinkaton
MEG,99,Gholdengo
MEG,100,Mega Latias ex
MEG,101,Latios
MEG,102,Spearow
MEG,103,Fearow
MEG,104,Mega Kangaskhan ex
MEG,105,Delibird
MEG,106,Miltank
MEG,107,Buneary
MEG,108,Lopunny
MEG,109,Yungoos
MEG,110,Gumshoos
MEG,111,Stufful
MEG,112,Bewear
MEG,113,Acerola's Mischief
MEG,114,Boss's Orders
MEG,115,Energy Switch
MEG,116,Fighting Gong
MEG,117,Forest of Vitality
MEG,118,Iron Defender
MEG,119,Lillie's Determination
MEG,120,Lt. Surge's Bargain
MEG,121,Mega Signal
MEG,122,Mystery Garden
MEG,123,Pokémon Center Lady
MEG,124,Premium Power Pro
MEG,125,Rare Candy
MEG,126,Repel
MEG,127,Risky Ruins
MEG,128,Strange Timepiece
MEG,129,Surfing Beach
MEG,130,Switch
MEG,131,Ultra Ball
MEG,132,Wally's Compassion
PFL,1,Oddish
PFL,2,Gloom
PFL,3,Vileplume
PFL,4,Mega Heracross ex
PFL,5,Lotad
PFL,6,Lombre
PFL,7,Ludicolo
PFL,8,Genesect
PFL,9,Nymble
PFL,10,Lokix
PFL,11,Charmander
PFL,12,Charmeleon
PFL,13,Mega Charizard X ex
PFL,14,Moltres
PFL,15,Darumaka
PFL,16,Darmanitan
PFL,17,Reshiram
PFL,18,Oricorio ex
PFL,19,Charcadet
PFL,20,Ceruledge
PFL,21,Seel
PFL,22,Dewgong
PFL,23,Swinub
PFL,24,Piloswine
PFL,25,Mamoswine
PFL,26,Suicune
PFL,27,Piplup
PFL,28,Prinplup
PFL,29,Rotom ex
PFL,30,Yamper
PFL,31,Boltund
PFL,32,Pawmi
PFL,33,Pawmo
PFL,34,Pawmot
PFL,35,Misdreavus
PFL,36,Mismagius ex
PFL,37,Snubbull
PFL,38,Granbull
PFL,39,Cresselia
PFL,40,Meloetta
PFL,41,Mega Diancie ex
PFL,42,Mimikyu
PFL,43,Milcery
PFL,44,Alcremie
PFL,45,Zacian
PFL,46,Bramblin
PFL,47,Brambleghast
PFL,48,Paldean Tauros
PFL,49,Gligar
PFL,50,Gliscor
PFL,51,Trapinch
PFL,52,Vibrava
PFL,53,Flygon
PFL,54,Gastly
PFL,55,Haunter
PFL,56,Mega Gengar ex
PFL,57,Murkrow
PFL,58,Honchkrow
PFL,59,Sableye
PFL,60,Carvanha
PFL,61,Mega Sharpedo ex
PFL,62,Seviper
PFL,63,Absol
PFL,64,Sandile
PFL,65,Krokorok
PFL,66,Krookodile
PFL,67,Toxel
PFL,68,Toxtricity
PFL,69,Eternatus
PFL,70,Empoleon ex
PFL,71,Bronzor
PFL,72,Bronzong
PFL,73,Togedemaru
PFL,74,Duraludon
PFL,75,Archaludon
PFL,76,Jigglypuff
PFL,77,Wigglytuff
PFL,78,Aipom
PFL,79,Ambipom
PFL,80,Smeargle
PFL,81,Zigzagoon
PFL,82,Linoone
PFL,83,Buneary
PFL,84,Mega Lopunny ex
PFL,85,Battle Cage
PFL,86,Blowtorch
PFL,87,Dawn
PFL,88,Dizzying Valley
PFL,89,Firebreather
PFL,90,Grimsley's Move
PFL,91,Jumbo Ice Cream
PFL,92,Punk Helmet
PFL,93,Sacred Charm
PFL,94,Wondrous Patch
ASC,1,Erika's Oddish
ASC,2,Erika's Gloom
ASC,3,Erika's Vileplume ex
ASC,4,Erika's Bellsprout
ASC,5,Erika's Weepinbell
ASC,6,Erika's Victreebel
ASC,7,Erika's Tangela
ASC,8,Chikorita
ASC,9,Bayleef
ASC,10,Mega Meganium ex
ASC,11,Wurmple
ASC,12,Silcoon
ASC,13,Beautifly
ASC,14,Cascoon
ASC,15,Dustox
ASC,16,Budew
ASC,17,Grubbin
ASC,18,Team Rocket's Tarountula
ASC,19,Team Rocket's Spidops
ASC,20,Charmander
ASC,21,Charmeleon
ASC,22,Mega Charizard Y ex
ASC,23,Ethan's Slugma
ASC,24,Ethan's Magcargo
ASC,25,Entei
ASC,26,Ethan's Ho-Oh ex
ASC,27,Numel
ASC,28,Camerupt
ASC,29,Tepig
ASC,30,Pignite
ASC,31,Mega Emboar ex
ASC,32,N's Darumaka
ASC,33,N's Darmanitan
ASC,34,Salandit
ASC,35,Salazzle
ASC,36,Scorbunny
ASC,37,Raboot
ASC,38,Cinderace ex
ASC,39,Psyduck
ASC,40,Golduck
ASC,41,Totodile
ASC,42,Croconaw
ASC,43,Mega Feraligatr ex
ASC,44,Sneasel
ASC,45,Weavile
ASC,46,Snorunt
ASC,47,Mega Froslass ex
ASC,48,Regice ex
ASC,49,N's Vanillite
ASC,50,N's Vanillish
ASC,51,N's Vanilluxe
ASC,52,Snom
ASC,53,Frosmoth
ASC,54,Glastrier
ASC,55,Pikachu
ASC,56,Raichu
ASC,57,Pikachu ex
ASC,58,Voltorb ex
ASC,59,Tynamo
ASC,60,Eelektrik
ASC,61,Mega Eelektross ex
ASC,62,Stunfisk
ASC,63,Helioptile
ASC,64,Heliolisk
ASC,65,Charjabug
ASC,66,Vikavolt
ASC,67,Tapu Koko
ASC,68,Hop's Pincurchin ex
ASC,69,Iono's Tadbulb
ASC,70,Iono's Bellibolt ex
ASC,71,Iono's Wattrel
ASC,72,Iono's Kilowattrel
ASC,73,Miraidon ex
ASC,74,Clefairy
ASC,75,Clefable
ASC,76,Lillie's Clefairy ex
ASC,77,Team Rocket's Exeggcute
ASC,78,Team Rocket's Exeggutor
ASC,79,Team Rocket's Mewtwo ex
ASC,80,Togepi
ASC,81,Togetic
ASC,82,Togekiss
ASC,83,Marill
ASC,84,Azumarill ex
ASC,85,Misdreavus
ASC,86,Mismagius
ASC,87,Ralts
ASC,88,Kirlia
ASC,89,Mega Gardevoir ex
ASC,90,Shuppet
ASC,91,Banette
ASC,92,Rotom
ASC,93,Swirlix
ASC,94,Slurpuff
ASC,95,Hop's Phantump
ASC,96,Hop's Trevenant
ASC,97,Team Rocket's Mimikyu
ASC,98,Spectrier
ASC,99,Munkidori
ASC,100,Team Rocket's Diglett
ASC,101,Team Rocket's Dugtrio
ASC,102,Hitmontop
ASC,103,Meditite
ASC,104,Medicham
ASC,105,Lunatone
ASC,106,Solrock
ASC,107,Regirock ex
ASC,108,Groudon
ASC,109,Cynthia's Gible
ASC,110,Cynthia's Gabite
ASC,111,Cynthia's Garchomp ex
ASC,112,Riolu
ASC,113,Mega Lucario ex
ASC,114,Stunfisk ex
ASC,115,Pancham
ASC,116,Mega Hawlucha ex
ASC,117,Carbink
ASC,118,Rolycoly
ASC,119,Carkol
ASC,120,Coalossal
ASC,121,Koraidon ex
ASC,122,Okidogi
ASC,123,Gastly
ASC,124,Haunter
ASC,125,Mega Gengar ex
ASC,126,Team Rocket's Murkrow
ASC,127,Team Rocket's Honchkrow
ASC,128,Poochyena
ASC,129,Mightyena
ASC,130,Galarian Zigzagoon
ASC,131,Galarian Linoone
ASC,132,Galarian Obstagoon
ASC,133,Cynthia's Spiritomb
ASC,134,Scraggy
ASC,135,Mega Scrafty ex
ASC,136,N's Zorua
ASC,137,N's Zoroark ex
ASC,138,Vullaby
ASC,139,Mandibuzz ex
ASC,140,Pangoro
ASC,141,Hoopa
ASC,142,Fezandipiti ex
ASC,143,Pecharunt
ASC,144,Mawile
ASC,145,Registeel ex
ASC,146,Pawniard
ASC,147,Bisharp
ASC,148,Kingambit
ASC,149,Togedemaru ex
ASC,150,Dratini
ASC,151,Dragonair
ASC,152,Mega Dragonite ex
ASC,153,Rayquaza
ASC,154,N's Reshiram
ASC,155,N's Zekrom
ASC,156,Noibat
ASC,157,Noivern
ASC,158,Dreepy
ASC,159,Drakloak
ASC,160,Dragapult ex
ASC,161,Team Rocket's Meowth
ASC,162,Team Rocket's Kangaskhan ex
ASC,163,Larry's Dunsparce
ASC,164,Larry's Dudunsparce ex
ASC,165,Skitty
ASC,166,Delcatty
ASC,167,Zangoose ex
ASC,168,Larry's Starly
ASC,169,Larry's Staravia
ASC,170,Larry's Staraptor
ASC,171,Fan Rotom
ASC,172,Mega Audino ex
ASC,173,Larry's Rufflet
ASC,174,Larry's Braviary
ASC,175,Larry's Komala
ASC,176,Drampa
ASC,177,Hop's Cramorant
ASC,178,Terapagos
ASC,179,Terapagos ex
ASC,180,Acerola's Mischief
ASC,181,Air Balloon
ASC,182,Anthea & Concordia
ASC,183,Boss's Orders
ASC,184,Buddy-Buddy Poffin
ASC,185,Canari
ASC,186,Counter Gain
ASC,187,Fighting Gong
ASC,188,Forest of Vitality
ASC,189,Glass Trumpet
ASC,190,Iris's Fighting Spirit
ASC,191,Light Ball
ASC,192,Lillie's Determination
ASC,193,Mega Signal
ASC,194,Mystery Garden
ASC,195,N's PP Up
ASC,196,Night Stretcher
ASC,197,Nighttime Mine
ASC,198,Poké Pad
ASC,199,Premium Power Pro
ASC,200,Surfer
ASC,201,Team Rocket's Archer
ASC,202,Team Rocket's Ariana
ASC,203,Team Rocket's Factory
ASC,204,Team Rocket's Giovanni
ASC,205,Team Rocket's Great Ball
ASC,206,Team Rocket's Hypnotizer
ASC,207,Team Rocket's Petrel
ASC,208,Team Rocket's Proton
ASC,209,Team Rocket's Transceiver
ASC,210,Team Rocket's Watchtower
ASC,211,Thick Scale
ASC,212,Tool Scrapper
ASC,213,Ultra Ball
ASC,214,Urbain
ASC,215,Waitress
ASC,216,Prism Energy
ASC,217,Team Rocket's Energy
POR,1,Spinarak
POR,2,Ariados
POR,3,Shaymin
POR,4,Snivy
POR,5,Servine
POR,6,Serperior
POR,7,Scatterbug
POR,8,Spewpa
POR,9,Vivillon
POR,10,Rowlet
POR,11,Dartrix
POR,12,Decidueye ex
POR,13,Fletchinder
POR,14,Talonflame
POR,15,Salandit
POR,16,Salazzle ex
POR,17,Turtonator
POR,18,Seel
POR,19,Dewgong
POR,20,Staryu
POR,21,Mega Starmie ex
POR,22,Lapras ex
POR,23,Amaura
POR,24,Aurorus
POR,25,Volcanion
POR,26,Shinx
POR,27,Luxio
POR,28,Luxray
POR,29,Dedenne
POR,30,Clefairy
POR,31,Mega Clefable ex
POR,32,Mawile
POR,33,Espurr
POR,34,Meowstic
POR,35,Spritzee
POR,36,Aromatisse
POR,37,Nosepass
POR,38,Probopass
POR,39,Hippopotas
POR,40,Hippowdon
POR,41,Landorus
POR,42,Binacle
POR,43,Barbaracle
POR,44,Tyrunt
POR,45,Tyrantrum
POR,46,Hawlucha
POR,47,Mega Zygarde ex
POR,48,Gastly
POR,49,Haunter
POR,50,Gengar
POR,51,Skorupi
POR,52,Drapion
POR,53,Yveltal ex
POR,54,Chien-Pao
POR,55,Mega Skarmory ex
POR,56,Honedge
POR,57,Doublade
POR,58,Aegislash
POR,59,Klefki
POR,60,Rattata
POR,61,Raticate
POR,62,Meowth ex
POR,63,Snorlax
POR,64,Bunnelby
POR,65,Diggersby
POR,66,Fletchling
POR,67,Furfrou
POR,68,Antique Jaw Fossil
POR,69,Antique Sail Fossil
POR,70,Core Memory
POR,71,Crushing Hammer
POR,72,Energy Search
POR,73,Energy Swatter
POR,74,Hole-Digging Shovel
POR,75,Jacinthe
POR,76,Judge
POR,77,Lumiose City
POR,78,Lumiose Galette
POR,79,Naveen
POR,80,Poké Ball
POR,81,Poké Pad
POR,82,Pokémon Catcher
POR,83,Potion
POR,84,Rosa's Encouragement
POR,85,Tarragon
POR,86,Growing Grass Energy
POR,87,Rocky Fighting Energy
POR,88,Telepathic Psychic Energy
M4,1,Weedle
M4,2,Kakuna
M4,3,Beedrill ex
M4,4,Carnivine
M4,5,Chespin
M4,6,Quilladin
M4,7,Chesnaught
M4,8,Vulpix
M4,9,Ninetales
M4,10,Ho-Oh
M4,11,Fennekin
M4,12,Braixen
M4,13,Delphox
M4,14,Litleo
M4,15,Mega Pyroar ex
M4,16,Remoraid
M4,17,Octillery
M4,18,Delibird
M4,19,Keldeo
M4,20,Froakie
M4,21,Frogadier
M4,22,Mega Greninja ex
M4,23,Bergmite
M4,24,Avalugg
M4,25,Wimpod
M4,26,Golisopod
M4,27,Mareep
M4,28,Flaaffy
M4,29,Ampharos
M4,30,Emolga
M4,31,Deoxys
M4,32,Deoxys
M4,33,Deoxys
M4,34,Deoxys
M4,35,Mega Floette ex
M4,36,Espurr
M4,37,Meowstic
M4,38,Phantump
M4,39,Trevenant
M4,40,Pumpkaboo
M4,41,Gourgeist ex
M4,42,Xerneas
M4,43,Sudowoodo
M4,44,Phanpy
M4,45,Donphan
M4,46,Baltoy
M4,47,Claydol
M4,48,Zubat
M4,49,Golbat
M4,50,Crobat
M4,51,Qwilfish
M4,52,Stunky
M4,53,Skuntank
M4,54,Trubbish
M4,55,Garbodor
M4,56,Skrelp
M4,57,Beldum
M4,58,Metang
M4,59,Metagross
M4,60,Ferroseed
M4,61,Ferrothorn
M4,62,Cobalion ex
M4,63,Mega Dragalge ex
M4,64,Goomy
M4,65,Sliggoo
M4,66,Goodra
M4,67,Tauros
M4,68,Patrat
M4,69,Watchog
M4,70,Minccino
M4,71,Cinccino ex
M4,72,Special Red Card
M4,73,Big Catch Net
M4,74,Book of Transformation
M4,75,AZ's Tranquility
M4,76,Philippe
M4,77,Roxie's Performance
M4,78,Emma
M4,79,Ange Floette
M4,80,Prism Tower
M4,81,Nitro Fire Energy
M4,82,Bubble Water Energy
M4,83,Magnet Steel Energy
